<?xml version="1.0" encoding="utf-8"?><!-- Copyright (c) Microsoft Corporation.  All rights reserved. --><GroupPolicyBackupScheme bkp:version="2.0" bkp:type="GroupPolicyBackupTemplate" xmlns:bkp="http://www.microsoft.com/GroupPolicy/GPOOperations" xmlns="http://www.microsoft.com/GroupPolicy/GPOOperations">
    <GroupPolicyObject><SecurityGroups><Group bkp:Source="FromDACL"><Sid><![CDATA[S-1-5-21-43379831-2447631312-1333398470-519]]></Sid><SamAccountName><![CDATA[Enterprise Admins]]></SamAccountName><Type><![CDATA[UniversalGroup]]></Type><NetBIOSDomainName><![CDATA[AventusRocks]]></NetBIOSDomainName><DnsDomainName><![CDATA[AventusRocks162910.local]]></DnsDomainName><UPN><![CDATA[Enterprise Admins@AventusRocks162910.local]]></UPN></Group><Group bkp:Source="FromDACL"><Sid><![CDATA[S-1-5-21-43379831-2447631312-1333398470-512]]></Sid><SamAccountName><![CDATA[Domain Admins]]></SamAccountName><Type><![CDATA[GlobalGroup]]></Type><NetBIOSDomainName><![CDATA[AventusRocks]]></NetBIOSDomainName><DnsDomainName><![CDATA[AventusRocks162910.local]]></DnsDomainName><UPN><![CDATA[Domain Admins@AventusRocks162910.local]]></UPN></Group></SecurityGroups><FilePaths/><GroupPolicyCoreSettings><ID><![CDATA[{E3FC78C5-1D3D-4819-8C44-29953C12D421}]]></ID><Domain><![CDATA[AventusRocks162910.local]]></Domain><SecurityDescriptor>01 00 04 9c 00 00 00 00 00 00 00 00 00 00 00 00 14 00 00 00 04 00 ec 00 08 00 00 00 05 02 28 00 00 01 00 00 01 00 00 00 8f fd ac ed b3 ff d1 11 b4 1d 00 a0 c9 68 f9 39 01 01 00 00 00 00 00 05 0b 00 00 00 00 00 24 00 ff 00 0f 00 01 05 00 00 00 00 00 05 15 00 00 00 77 ec 95 02 d0 e3 e3 91 c6 0b 7a 4f 00 02 00 00 00 02 24 00 ff 00 0f 00 01 05 00 00 00 00 00 05 15 00 00 00 77 ec 95 02 d0 e3 e3 91 c6 0b 7a 4f 00 02 00 00 00 02 24 00 ff 00 0f 00 01 05 00 00 00 00 00 05 15 00 00 00 77 ec 95 02 d0 e3 e3 91 c6 0b 7a 4f 07 02 00 00 00 02 14 00 94 00 02 00 01 01 00 00 00 00 00 05 09 00 00 00 00 02 14 00 94 00 02 00 01 01 00 00 00 00 00 05 0b 00 00 00 00 02 14 00 ff 00 0f 00 01 01 00 00 00 00 00 05 12 00 00 00 00 0a 14 00 ff 00 0f 00 01 01 00 00 00 00 00 03 00 00 00 00</SecurityDescriptor><DisplayName><![CDATA[Printer Policy]]></DisplayName><Options><![CDATA[0]]></Options><UserVersionNumber><![CDATA[65537]]></UserVersionNumber><MachineVersionNumber><![CDATA[0]]></MachineVersionNumber><MachineExtensionGuids/><UserExtensionGuids><![CDATA[[{8A28E2C5-8D06-49A4-A08C-632DAA493E17}{180F39F3-CF17-4C68-8410-94B71452A22D}]]]></UserExtensionGuids><WMIFilter/></GroupPolicyCoreSettings> 
        <GroupPolicyExtension bkp:ID="{35378EAC-683F-11D2-A89A-00C04FBBCFA2}" bkp:DescName="Registry">
            
            
            <FSObjectFile bkp:Path="%GPO_FSPATH%\Adm\*.*" bkp:SourceExpandedPath="\\DC162910.AventusRocks162910.local\sysvol\AventusRocks162910.local\Policies\{E3FC78C5-1D3D-4819-8C44-29953C12D421}\Adm\*.*"/>
        </GroupPolicyExtension>
        
        
        
        
        
        
        
        
        
    <GroupPolicyExtension bkp:ID="{F15C46CD-82A0-4C2D-A210-5D0D3182A418}" bkp:DescName="Unknown Extension"><DSObject bkp:Path="CN=PushedPrinterConnections,%GPO_USER_DSPATH%" bkp:SourceExpandedPath="CN=PushedPrinterConnections,CN=User,CN={E3FC78C5-1D3D-4819-8C44-29953C12D421},CN=Policies,CN=System,DC=AventusRocks162910,DC=local" bkp:ObjectClass="container"><DSAttributeMultiString bkp:DSAttrName="showInAdvancedViewOnly"><DSValue><![CDATA[TRUE]]></DSValue></DSAttributeMultiString></DSObject><DSObject bkp:Path="CN={95459EBC-778B-48D2-AEA3-5DAC281A351D},CN=PushedPrinterConnections,%GPO_USER_DSPATH%" bkp:SourceExpandedPath="CN={95459EBC-778B-48D2-AEA3-5DAC281A351D},CN=PushedPrinterConnections,CN=User,CN={E3FC78C5-1D3D-4819-8C44-29953C12D421},CN=Policies,CN=System,DC=AventusRocks162910,DC=local" bkp:ObjectClass="msPrint-ConnectionPolicy"><DSAttributeMultiString bkp:DSAttrName="showInAdvancedViewOnly"><DSValue><![CDATA[TRUE]]></DSValue></DSAttributeMultiString><DSAttributeMultiString bkp:DSAttrName="uNCName"><DSValue><![CDATA[\\dc162910\printer]]></DSValue></DSAttributeMultiString><DSAttributeMultiString bkp:DSAttrName="serverName"><DSValue><![CDATA[\\dc162910]]></DSValue></DSAttributeMultiString><DSAttributeMultiString bkp:DSAttrName="printAttributes"><DSValue><![CDATA[0]]></DSValue></DSAttributeMultiString><DSAttributeMultiString bkp:DSAttrName="printerName"><DSValue><![CDATA[printer]]></DSValue></DSAttributeMultiString></DSObject><FSObjectDir bkp:Path="%GPO_MACH_FSPATH%\Applications" bkp:SourceExpandedPath="\\DC162910.AventusRocks162910.local\sysvol\AventusRocks162910.local\Policies\{E3FC78C5-1D3D-4819-8C44-29953C12D421}\Machine\Applications" bkp:Location="DomainSysvol\GPO\Machine\Applications"/><FSObjectDir bkp:Path="%GPO_MACH_FSPATH%\Scripts" bkp:SourceExpandedPath="\\DC162910.AventusRocks162910.local\sysvol\AventusRocks162910.local\Policies\{E3FC78C5-1D3D-4819-8C44-29953C12D421}\Machine\Scripts" bkp:Location="DomainSysvol\GPO\Machine\Scripts"/><FSObjectDir bkp:Path="%GPO_MACH_FSPATH%\Scripts\Shutdown" bkp:SourceExpandedPath="\\DC162910.AventusRocks162910.local\sysvol\AventusRocks162910.local\Policies\{E3FC78C5-1D3D-4819-8C44-29953C12D421}\Machine\Scripts\Shutdown" bkp:Location="DomainSysvol\GPO\Machine\Scripts\Shutdown"/><FSObjectDir bkp:Path="%GPO_MACH_FSPATH%\Scripts\Startup" bkp:SourceExpandedPath="\\DC162910.AventusRocks162910.local\sysvol\AventusRocks162910.local\Policies\{E3FC78C5-1D3D-4819-8C44-29953C12D421}\Machine\Scripts\Startup" bkp:Location="DomainSysvol\GPO\Machine\Scripts\Startup"/><FSObjectDir bkp:Path="%GPO_USER_FSPATH%\Applications" bkp:SourceExpandedPath="\\DC162910.AventusRocks162910.local\sysvol\AventusRocks162910.local\Policies\{E3FC78C5-1D3D-4819-8C44-29953C12D421}\User\Applications" bkp:Location="DomainSysvol\GPO\User\Applications"/><FSObjectDir bkp:Path="%GPO_USER_FSPATH%\Documents &amp; Settings" bkp:SourceExpandedPath="\\DC162910.AventusRocks162910.local\sysvol\AventusRocks162910.local\Policies\{E3FC78C5-1D3D-4819-8C44-29953C12D421}\User\Documents &amp; Settings" bkp:Location="DomainSysvol\GPO\User\Documents &amp; Settings"/><FSObjectDir bkp:Path="%GPO_USER_FSPATH%\Scripts" bkp:SourceExpandedPath="\\DC162910.AventusRocks162910.local\sysvol\AventusRocks162910.local\Policies\{E3FC78C5-1D3D-4819-8C44-29953C12D421}\User\Scripts" bkp:Location="DomainSysvol\GPO\User\Scripts"/><FSObjectDir bkp:Path="%GPO_USER_FSPATH%\Scripts\Logoff" bkp:SourceExpandedPath="\\DC162910.AventusRocks162910.local\sysvol\AventusRocks162910.local\Policies\{E3FC78C5-1D3D-4819-8C44-29953C12D421}\User\Scripts\Logoff" bkp:Location="DomainSysvol\GPO\User\Scripts\Logoff"/><FSObjectDir bkp:Path="%GPO_USER_FSPATH%\Scripts\Logon" bkp:SourceExpandedPath="\\DC162910.AventusRocks162910.local\sysvol\AventusRocks162910.local\Policies\{E3FC78C5-1D3D-4819-8C44-29953C12D421}\User\Scripts\Logon" bkp:Location="DomainSysvol\GPO\User\Scripts\Logon"/></GroupPolicyExtension></GroupPolicyObject>
</GroupPolicyBackupScheme>