<BackupInst xmlns="http://www.microsoft.com/GroupPolicy/GPOOperations/Manifest"><GPOGuid><![CDATA[{E3FC78C5-1D3D-4819-8C44-29953C12D421}]]></GPOGuid><GPODomain><![CDATA[AventusRocks162910.local]]></GPODomain><GPODomainGuid><![CDATA[{20f5a791-f85d-4f77-814b-f6b57b98e24e}]]></GPODomainGuid><GPODomainController><![CDATA[DC162910.AventusRocks162910.local]]></GPODomainController><BackupTime><![CDATA[2022-10-30T09:13:47]]></BackupTime><ID><![CDATA[{2B405361-A5EA-43C9-93D5-E01C6E93160F}]]></ID><Comment><![CDATA[]]></Comment><GPODisplayName><![CDATA[Printer Policy]]></GPODisplayName></BackupInst>
